<?xml version="1.0" encoding="utf-8"?>
<ProjectSchemaDefinitions xmlns="http://schemas.microsoft.com/build/2009/properties" xmlns:x="http://schemas.microsoft.com/winfx/2006/xaml" xmlns:sys="clr-namespace:System;assembly=mscorlib">
  <Rule
    Name="YASM"
    PageTemplate="tool"
    DisplayName="Yasm Modular Assembler"
    Order="200">
    <Rule.DataSource>
      <DataSource
        Persistence="ProjectFile"
        ItemType="YASM" />
    </Rule.DataSource>
    <Rule.Categories>
      <Category
        Name="General">
        <Category.DisplayName>
          <sys:String>General</sys:String>
        </Category.DisplayName>
      </Category>
      <Category
        Name="Preprocessor">
        <Category.DisplayName>
          <sys:String>Preprocessing Options</sys:String>
        </Category.DisplayName>
      </Category>
      <Category
        Name="Assembler Options">
        <Category.DisplayName>
          <sys:String>Assembler Options</sys:String>
        </Category.DisplayName>
      </Category>
      <Category
        Name="Command Line"
        Subtype="CommandLine">
        <Category.DisplayName>
          <sys:String>Command Line</sys:String>
        </Category.DisplayName>
      </Category>
    </Rule.Categories>
    <StringProperty
      Name="Inputs"
      Category="Command Line"
      IsRequired="true">
      <StringProperty.DataSource>
        <DataSource
          Persistence="ProjectFile"
          ItemType="YASM"
          SourceType="Item" />
      </StringProperty.DataSource>
    </StringProperty>
    <StringProperty
      Name="ObjectFileName"
      Category="Assembler Options"
      DisplayName="Output File Name"
      Description="Specify Output Filename."
      HelpUrl="http://www.tortall.net/projects/yasm/manual/html/yasm-options.html#yasm-option-objfile"
      Switch="-o &quot;[value]&quot;" />
    <BoolProperty
      Name="GenerateDebugInformation"
      Category="Assembler Options"
      DisplayName="Generate Debug Information"
      Description="Generates Debug Information."
      HelpUrl="http://www.tortall.net/projects/yasm/manual/html/yasm-options.html#yasm-option-dformat"
      Switch="-g cv8" />
    <StringProperty
      Name="SymbolsPrefix"
      Category="Assembler Options"
      DisplayName="Symbols Prefix"
      Description="Prepend the given argument to all global or extern variables."
      Switch="--prefix [value]" />
    <StringProperty
      Name="SymbolsPostfix"
      Category="Assembler Options"
      DisplayName="Symbols Postfix"
      Description="Append the given argument to all global or extern variables."
      Switch="--postfix [value]" />
    <StringListProperty
      Name="IncludePaths"
      Category="General"
      DisplayName="Include File Search Directories"
      Description="Sets path for include files."
      HelpUrl="http://www.tortall.net/projects/yasm/manual/html/yasm-options.html#yasm-option-i"
      Switch="-I&quot;[value]/&quot;" />
    <StringListProperty
      Name="PreIncludeFiles"
      Category="General"
      DisplayName="Pre-Include a File"
      Description="Force files to be pre-included into source file."
      HelpUrl="http://www.tortall.net/projects/yasm/manual/html/yasm-options.html#yasm-option-p"
      Switch="-P&quot;[value]&quot;" />
    <StringListProperty
      Name="PreprocessorDefinitions"
      Category="Preprocessor"
      DisplayName="Preprocessor Definitions"
      Description="Defines a text macro with the given name."
      HelpUrl="http://www.tortall.net/projects/yasm/manual/html/yasm-options.html#yasm-option-d"
      Switch="-D[value]" />
    <StringListProperty
      Name="UndefinePreprocessorDefinitions"
      Category="Preprocessor"
      DisplayName="Undefine Preprocessor Definitions"
      Description="Undefines a text macro with the given name."
      HelpUrl="http://www.tortall.net/projects/yasm/manual/html/yasm-options.html#yasm-option-u"
      Switch="-U[value]" />
    <EnumProperty
      Name="Preprocessor"
      Category="Preprocessor"
      DisplayName="Pre-Processor"
      Description="Select the pre-processor to use on the input file"
      HelpUrl="http://www.tortall.net/projects/yasm/manual/html/yasm-options.html#yasm-option-preproc">
      <EnumValue
        Name="0"
        DisplayName="Nasm"
        Switch="-rnasm" />
      <EnumValue
        Name="1"
        DisplayName="Raw"
        Switch="-rraw" />
    </EnumProperty>
    <EnumProperty
      Name="Parser"
      Category="Preprocessor"
      DisplayName="Parser"
      Description="Select the parser (the assembler syntax)"
      HelpUrl="http://www.tortall.net/projects/yasm/manual/html/yasm-options.html#yasm-option-parser">
      <EnumValue
        Name="0"
        DisplayName="Nasm"
        Switch="-pnasm" />
      <EnumValue
        Name="1"
        DisplayName="Gas"
        Switch="-pgas" />
    </EnumProperty>
    <BoolProperty
      Name="TreatWarningsAsErrors"
      Category="Assembler Options"
      DisplayName="Treat Warnings As Errors"
      Description="Returns an error code if warnings are generated."
      HelpUrl="http://www.tortall.net/projects/yasm/manual/html/yasm-options.html#yasm-option-werror"
      Switch="-Werror" />
    <StringProperty
      Name="CommandLineTemplate"
      DisplayName="Command Line"
      Visible="False"
      IncludeInCommandLine="False" />
    <DynamicEnumProperty
        Name="YASMBeforeTargets"
        Category="General"
        EnumProvider="Targets"
        IncludeInCommandLine="False">
      <DynamicEnumProperty.DisplayName>
        <sys:String>Execute Before</sys:String>
      </DynamicEnumProperty.DisplayName>
      <DynamicEnumProperty.Description>
        <sys:String>Specifies the targets for the build customization to run before.</sys:String>
      </DynamicEnumProperty.Description>
      <DynamicEnumProperty.ProviderSettings>
        <NameValuePair
          Name="Exclude"
          Value="^YASMBeforeTargets|^Compute" />
      </DynamicEnumProperty.ProviderSettings>
      <DynamicEnumProperty.DataSource>
        <DataSource
          Persistence="ProjectFile"
          ItemType=""
          HasConfigurationCondition="true" />
      </DynamicEnumProperty.DataSource>
    </DynamicEnumProperty>
    <DynamicEnumProperty
      Name="YASMAfterTargets"
      Category="General"
      EnumProvider="Targets"
      IncludeInCommandLine="False">
      <DynamicEnumProperty.DisplayName>
        <sys:String>Execute After</sys:String>
      </DynamicEnumProperty.DisplayName>
      <DynamicEnumProperty.Description>
        <sys:String>Specifies the targets for the build customization to run after.</sys:String>
      </DynamicEnumProperty.Description>
      <DynamicEnumProperty.ProviderSettings>
        <NameValuePair
          Name="Exclude"
          Value="^YASMAfterTargets|^Compute" />
      </DynamicEnumProperty.ProviderSettings>
      <DynamicEnumProperty.DataSource>
        <DataSource
          Persistence="ProjectFile"
          ItemType=""
          HasConfigurationCondition="true" />
      </DynamicEnumProperty.DataSource>
    </DynamicEnumProperty>
    <StringProperty
      Name="ExecutionDescription"
      DisplayName="Execution Description"
      IncludeInCommandLine="False"
      Visible="False" />
    <StringListProperty
      Name="AdditionalDependencies"
      DisplayName="Additional Dependencies"
      IncludeInCommandLine="False"
      Visible="False" />
    <StringProperty
      Subtype="AdditionalOptions"
      Name="AdditionalOptions"
      Category="Command Line">
      <StringProperty.DisplayName>
        <sys:String>Additional Options</sys:String>
      </StringProperty.DisplayName>
      <StringProperty.Description>
        <sys:String>Additional Options</sys:String>
      </StringProperty.Description>
    </StringProperty>
  </Rule>
  <ItemType
    Name="YASM"
    DisplayName="Yasm Modular Assembler" />
  <FileExtension
    Name="*.asm;*.s"
    ContentType="YASM" />
  <ContentType
    Name="YASM"
    DisplayName="Yasm Modular Assembler"
    ItemType="YASM" />
</ProjectSchemaDefinitions>
