<manifest version="1.0" type="device" target-level="3">
    <hal format="hidl">
        <name>android.hardware.drm</name>
        <transport>hwbinder</transport>
        <version>1.0</version>
        <interface>
            <name>ICryptoFactory</name>
            <instance>default</instance>
        </interface>
        <interface>
            <name>IDrmFactory</name>
            <instance>default</instance>
        </interface>
        <fqname>@1.1::ICryptoFactory/clearkey</fqname>
        <fqname>@1.1::IDrmFactory/clearkey</fqname>
        <fqname>@1.1::ICryptoFactory/widevine</fqname>
        <fqname>@1.1::IDrmFactory/widevine</fqname>
    </hal>
    <hal format="hidl">
        <name>android.hardware.audio.effect</name>
        <transport>hwbinder</transport>
        <version>4.0</version>
        <interface>
            <name>IEffectsFactory</name>
            <instance>default</instance>
        </interface>
    </hal>
    <hal format="hidl">
        <name>android.hardware.biometrics.fingerprint</name>
        <transport>hwbinder</transport>
        <version>2.1</version>
        <interface>
            <name>IBiometricsFingerprint</name>
            <instance>default</instance>
        </interface>
    </hal>
    <hal format="hidl">
        <name>android.hardware.configstore</name>
        <transport>hwbinder</transport>
        <version>1.0</version>
        <interface>
            <name>ISurfaceFlingerConfigs</name>
            <instance>default</instance>
        </interface>
    </hal>
    <hal format="hidl">
        <name>android.hardware.audio</name>
        <transport>hwbinder</transport>
        <version>4.0</version>
        <interface>
            <name>IDevicesFactory</name>
            <instance>default</instance>
        </interface>
    </hal>
    <hal format="hidl">
		<name>android.hardware.nidec</name>
		<transport>hwbinder</transport>
		<version>1.0</version>
		<interface>
			<name>INidec</name>
			<instance>default</instance>
		</interface>
   </hal>
    <hal format="hidl">
        <name>android.hardware.keymaster</name>
        <transport>hwbinder</transport>
        <version>3.0</version>
        <interface>
            <name>IKeymasterDevice</name>
            <instance>default</instance>
        </interface>
    </hal>
    <hal format="hidl">
        <name>android.hardware.graphics.allocator</name>
        <transport>hwbinder</transport>
        <version>2.0</version>
        <interface>
            <name>IAllocator</name>
            <instance>default</instance>
        </interface>
    </hal>
    <hal format="hidl">
        <name>android.hardware.graphics.mapper</name>
        <transport arch="32+64">passthrough</transport>
        <version>2.0</version>
        <interface>
            <name>IMapper</name>
            <instance>default</instance>
        </interface>
    </hal>
    <hal format="hidl">
        <name>android.hardware.graphics.composer</name>
        <transport>hwbinder</transport>
        <version>2.1</version>
        <interface>
            <name>IComposer</name>
            <instance>default</instance>
        </interface>
    </hal>
    <hal format="hidl">
        <name>android.hardware.power</name>
        <transport>hwbinder</transport>
        <version>1.1</version>
        <interface>
            <name>IPower</name>
            <instance>default</instance>
        </interface>
    </hal>
    <hal format="hidl">
        <name>android.hardware.broadcastradio</name>
        <transport>hwbinder</transport>
        <version>1.0</version>
        <interface>
            <name>IBroadcastRadioFactory</name>
            <instance>default</instance>
        </interface>
    </hal>
    <hal format="hidl">
        <name>android.hardware.camera.provider</name>
        <transport>hwbinder</transport>
        <version>2.4</version>
        <interface>
            <name>ICameraProvider</name>
            <instance>legacy/0</instance>
        </interface>
    </hal>
    <hal format="hidl">
        <name>android.hardware.sensors</name>
        <transport>hwbinder</transport>
        <version>1.0</version>
        <interface>
            <name>ISensors</name>
            <instance>default</instance>
        </interface>
    </hal>
    <hal format="hidl">
        <name>android.hardware.gatekeeper</name>
        <transport>hwbinder</transport>
        <version>1.0</version>
        <interface>
            <name>IGatekeeper</name>
            <instance>default</instance>
        </interface>
    </hal>
    <hal format="hidl">
        <name>android.hardware.gnss</name>
        <transport>hwbinder</transport>
        <version>1.0</version>
        <interface>
            <name>IGnss</name>
            <instance>default</instance>
        </interface>
    </hal>
    <hal format="hidl">
        <name>android.hardware.media.omx</name>
        <transport>hwbinder</transport>
        <version>1.0</version>
        <interface>
            <name>IOmx</name>
            <instance>default</instance>
        </interface>
        <interface>
            <name>IOmxStore</name>
            <instance>default</instance>
        </interface>
    </hal>
    <hal format="hidl">
        <name>android.hardware.radio</name>
        <transport>hwbinder</transport>
        <version>1.0</version>
        <interface>
            <name>IRadio</name>
            <instance>slot1</instance>
        </interface>
    </hal>
    <hal format="hidl">
        <name>android.hardware.wifi</name>
        <transport>hwbinder</transport>
        <version>1.0</version>
        <interface>
            <name>IWifi</name>
            <instance>default</instance>
        </interface>
    </hal>
    <hal format="hidl">
        <name>android.hardware.wifi.hostapd</name>
        <transport>hwbinder</transport>
        <version>1.0</version>
        <interface>
            <name>IHostapd</name>
            <instance>default</instance>
        </interface>
    </hal>
    <hal format="hidl">
        <name>android.hardware.wifi.supplicant</name>
        <transport>hwbinder</transport>
        <version>1.0</version>
        <interface>
            <name>ISupplicant</name>
            <instance>default</instance>
        </interface>
    </hal>
    <hal format="hidl">
        <name>android.hardware.cas</name>
        <transport>hwbinder</transport>
        <version>1.0</version>
        <interface>
            <name>IMediaCasService</name>
            <instance>default</instance>
        </interface>
    </hal>
    <hal format="hidl">
        <name>android.hardware.health</name>
        <transport>hwbinder</transport>
        <version>2.0</version>
        <interface>
            <name>IHealth</name>
            <instance>default</instance>
        </interface>
    </hal>
    <sepolicy>
        <version>27.0</version>
    </sepolicy>
</manifest>
